{"active_room": "room-421", "rooms": {"room-421": {"baseline": {"12:3c:a6:a5:79:d3": -92.5, "6a:be:0c:bd:80:bc": -93.0, "9e:7a:94:e9:21:89": -72.5, "f6:d7:33:5e:53:01": -50.0, "96:24:ae:f4:13:b5": -77.5}, "captured_ts": 1775400718.2899368, "baseline_scans": 8, "baseline_ap_count": 5, "occupancy_profiles": {"1": {"baseline": {"12:3c:a6:a5:79:d3": -92.5, "6a:be:0c:bd:80:bc": -93.0, "9e:7a:94:e9:21:89": -72.5, "f6:d7:33:5e:53:01": -50.0, "96:24:ae:f4:13:b5": -77.5}, "captured_ts": 1775400361.2735114, "baseline_scans": 8, "baseline_ap_count": 5}, "0": {"baseline": {"12:3c:a6:a5:79:d3": -92.5, "6a:be:0c:bd:80:bc": -93.0, "9e:7a:94:e9:21:89": -72.5, "f6:d7:33:5e:53:01": -50.0, "96:24:ae:f4:13:b5": -77.5}, "captured_ts": 1775400718.2899368, "baseline_scans": 8, "baseline_ap_count": 5}, "2": {"baseline": {"f6:d7:33:5e:53:01": -50.0}, "captured_ts": 1775400797.5474396, "baseline_scans": 8, "baseline_ap_count": 1}}}}}